Item Name (Korean),Qty,Drop Rate
17th Degree White Dragon God Sword (Legend),1,0.00030%
17th Degree White Dragon God Blade (Legend),1,0.00030%
17th Degree Tiger Roar Bow (Legend),1,0.00030%
17th Degree Soaring Dragon Spear (Legend),1,0.00030%
17th Degree Black Dragon God Sword (Legend),1,0.00030%
17th Degree Dragon Flame Tigris (Legend),1,0.00030%
17th Degree Dragon Claw Corona (Legend),1,0.00030%
17th Degree Pegasus Withus (Legend),1,0.00030%
17th Degree Aetherus Apell (Legend),1,0.00030%
17th Degree Tiger Claws (Legend),1,0.00030%
17th Degree Tiger Knuckles (Legend),1,0.00030%
17th Degree Lion Fangs (Legend),1,0.00030%
17th Degree Kartus Leo (Legend),1,0.00030%
17th Degree Beast King (Legend),1,0.00030%
17th Degree MyungHwang Shield (Legend),1,0.00030%
17th Degree Sanctus Guardian (Legend),1,0.00030%
17th Degree White Dragon God Sword (Rare),1,0.00090%
17th Degree White Dragon God Blade (Rare),1,0.00090%
17th Degree Tiger Roar Bow (Rare),1,0.00090%
17th Degree Soaring Dragon Spear (Rare),1,0.00090%
17th Degree Black Dragon God Sword (Rare),1,0.00090%
17th Degree Dragon Flame Tigris (Rare),1,0.00090%
17th Degree Dragon Claw Corona (Rare),1,0.00090%
17th Degree Pegasus Withus (Rare),1,0.00090%
17th Degree Aetherus Apell (Rare),1,0.00090%
17th Degree Tiger Claws (Rare),1,0.00090%
17th Degree Tiger Knuckles (Rare),1,0.00090%
17th Degree Lion Fangs (Rare),1,0.00090%
17th Degree Kartus Leo (Rare),1,0.00090%
17th Degree Beast King (Rare),1,0.00090%
17th Degree MyungHwang Shield (Rare),1,0.00090%
17th Degree Sanctus Guardian (Rare),1,0.00090%
17th Degree White Dragon God Sword (Magic),1,0.00300%
17th Degree White Dragon God Blade (Magic),1,0.00300%
17th Degree Tiger Roar Bow (Magic),1,0.00300%
17th Degree Soaring Dragon Spear (Magic),1,0.00300%
17th Degree Black Dragon God Sword (Magic),1,0.00300%
17th Degree Dragon Flame Tigris (Magic),1,0.00300%
17th Degree Dragon Claw Corona (Magic),1,0.00300%
17th Degree Pegasus Withus (Magic),1,0.00300%
17th Degree Aetherus Apell (Magic),1,0.00300%
17th Degree Tiger Claws (Magic),1,0.00300%
17th Degree Tiger Knuckles (Magic),1,0.00300%
17th Degree Lion Fangs (Magic),1,0.00300%
17th Degree Kartus Leo (Magic),1,0.00300%
17th Degree Beast King (Magic),1,0.00300%
17th Degree MyungHwang Shield (Magic),1,0.00300%
17th Degree Sanctus Guardian (Magic),1,0.00300%
17th Degree Claretina Hat (Legend/Male),1,0.00030%
17th Degree Orbis Two-Hand (Legend/Male),1,0.00030%
17th Degree Tonitrus Cap (Legend/Male),1,0.00030%
17th Degree Claretina Outfit (Legend/Male),1,0.00030%
17th Degree Orbis Robe (Legend/Male),1,0.00030%
17th Degree Tonitrus Magic Shield (Legend/Male),1,0.00030%
17th Degree Claretina Hat (Legend/Female),1,0.00030%
17th Degree Orbis Two-Hand (Legend/Female),1,0.00030%
17th Degree Tonitrus Cap (Legend/Female),1,0.00030%
17th Degree Claretina Outfit (Legend/Female),1,0.00030%
17th Degree Orbis Robe (Legend/Female),1,0.00030%
17th Degree Tonitrus Magic Shield (Legend/Female),1,0.00030%
17th Degree Claretina Pants (Legend/Male),1,0.00030%
17th Degree Orbis Leggings (Legend/Male),1,0.00030%
17th Degree Tonitrus Shoulders (Legend/Male),1,0.00030%
17th Degree Claretina Gloves (Legend/Male),1,0.00030%
17th Degree Orbis Gloves (Legend/Male),1,0.00030%
17th Degree Tonitrus Boots (Legend/Male),1,0.00030%
17th Degree Claretina Pants (Legend/Female),1,0.00030%
17th Degree Orbis Leggings (Legend/Female),1,0.00030%
17th Degree Tonitrus Shoulders (Legend/Female),1,0.00030%
17th Degree Claretina Gloves (Legend/Female),1,0.00030%
17th Degree Orbis Gloves (Legend/Female),1,0.00030%
17th Degree Tonitrus Boots (Legend/Female),1,0.00030%
17th Degree Claretina Upper Garment (Legend/Male),1,0.00030%
17th Degree Orbis Upper Garment (Legend/Male),1,0.00030%
17th Degree Tonitrus Upper Garment (Legend/Male),1,0.00030%
17th Degree Claretina Plate Armor (Legend/Male),1,0.00030%
17th Degree Orbis Mail (Legend/Male),1,0.00030%
17th Degree Tonitrus Robe (Legend/Male),1,0.00030%
17th Degree Claretina Upper Garment (Legend/Female),1,0.00030%
17th Degree Orbis Upper Garment (Legend/Female),1,0.00030%
17th Degree Tonitrus Upper Garment (Legend/Female),1,0.00030%
17th Degree Claretina Plate Armor (Legend/Female),1,0.00030%
17th Degree Orbis Mail (Legend/Female),1,0.00030%
17th Degree Tonitrus Robe (Legend/Female),1,0.00030%
17th Degree Claretina Pants (Legend/Male),1,0.00030%
17th Degree Orbis Leggings (Legend/Male),1,0.00030%
17th Degree Tonitrus Shoulders (Legend/Male),1,0.00030%
17th Degree Claretina Plate Armor Skirt (Legend/Male),1,0.00030%
17th Degree Orbis Tasset (Legend/Male),1,0.00030%
17th Degree Tonitrus Under Robe (Legend/Male),1,0.00030%
17th Degree Claretina Pants (Legend/Female),1,0.00030%
17th Degree Orbis Leggings (Legend/Female),1,0.00030%
17th Degree Tonitrus Shoulders (Legend/Female),1,0.00030%
17th Degree Claretina Plate Armor Skirt (Legend/Female),1,0.00030%
17th Degree Orbis Tasset (Legend/Female),1,0.00030%
17th Degree Tonitrus Under Robe (Legend/Female),1,0.00030%
17th Degree Claretina Ring (Legend/Male),1,0.00030%
17th Degree Orbis Ring (Legend/Male),1,0.00030%
17th Degree Tonitrus Ring (Legend/Male),1,0.00030%
17th Degree Claretina Necklace (Legend/Male),1,0.00030%
17th Degree Orbis Necklace (Legend/Male),1,0.00030%
17th Degree Tonitrus Earring (Legend/Male),1,0.00030%
17th Degree Claretina Ring (Legend/Female),1,0.00030%
17th Degree Orbis Ring (Legend/Female),1,0.00030%
17th Degree Tonitrus Ring (Legend/Female),1,0.00030%
17th Degree Claretina Necklace (Legend/Female),1,0.00030%
17th Degree Orbis Necklace (Legend/Female),1,0.00030%
17th Degree Tonitrus Earring (Legend/Female),1,0.00030%
17th Degree Claretina Bracelet (Legend/Female),1,0.00030%
17th Degree Orbis Bracelet (Legend/Female),1,0.00030%
17th Degree Tonitrus Decoration (Legend/Male),1,0.00030%
17th Degree Claretina Grip (Legend/Male),1,0.00030%
17th Degree Orbis Boots (Legend/Male),1,0.00030%
17th Degree Tonitrus Armor (Legend/Male),1,0.00030%
17th Degree Claretina Bracelet (Legend/Female),1,0.00030%
17th Degree Orbis Ring (Legend/Female),1,0.00030%
17th Degree Tonitrus Decoration (Legend/Female),1,0.00030%
17th Degree Claretina Grip (Legend/Female),1,0.00030%
17th Degree Orbis Boots (Legend/Female),1,0.00030%
17th Degree Tonitrus Armor (Legend/Female),1,0.00030%
17th Degree Claretina Hat (Rare/Male),1,0.00090%
17th Degree Orbis Two-Hand (Rare/Male),1,0.00090%
17th Degree Tonitrus Cap (Rare/Male),1,0.00090%
17th Degree Claretina Outfit (Rare/Male),1,0.00090%
17th Degree Orbis Robe (Rare/Male),1,0.00090%
17th Degree Tonitrus Magic Shield (Rare/Male),1,0.00090%
17th Degree Claretina Hat (Rare/Female),1,0.00090%
17th Degree Orbis Two-Hand (Rare/Female),1,0.00090%
17th Degree Tonitrus Cap (Rare/Female),1,0.00090%
17th Degree Claretina Outfit (Rare/Female),1,0.00090%
17th Degree Orbis Robe (Rare/Female),1,0.00090%
17th Degree Tonitrus Magic Shield (Rare/Female),1,0.00090%
17th Degree Claretina Pants (Rare/Male),1,0.00090%
17th Degree Orbis Leggings (Rare/Male),1,0.00090%
17th Degree Tonitrus Shoulders (Rare/Male),1,0.00090%
17th Degree Claretina Gloves (Rare/Male),1,0.00090%
17th Degree Orbis Gloves (Rare/Male),1,0.00090%
17th Degree Tonitrus Boots (Rare/Male),1,0.00090%
17th Degree Claretina Pants (Rare/Female),1,0.00090%
17th Degree Orbis Leggings (Rare/Female),1,0.00090%
17th Degree Tonitrus Shoulders (Rare/Female),1,0.00090%
17th Degree Claretina Gloves (Rare/Female),1,0.00090%
17th Degree Orbis Gloves (Rare/Female),1,0.00090%
17th Degree Tonitrus Boots (Rare/Female),1,0.00090%
17th Degree Claretina Upper Garment (Rare/Female),1,0.00090%
17th Degree Orbis Upper Garment (Rare/Male),1,0.00090%
17th Degree Tonitrus Upper Garment (Rare/Male),1,0.00090%
17th Degree Claretina Plate Armor (Rare/Male),1,0.00090%
17th Degree Orbis Mail (Rare/Male),1,0.00090%
17th Degree Tonitrus Robe (Rare/Male),1,0.00090%
17th Degree Claretina Upper Garment (Rare/Female),1,0.00090%
17th Degree Orbis Upper Garment (Rare/Female),1,0.00090%
17th Degree Tonitrus Upper Garment (Rare/Female),1,0.00090%
17th Degree Claretina Plate Armor (Rare/Female),1,0.00090%
17th Degree Orbis Mail (Rare/Female),1,0.00090%
17th Degree Tonitrus Robe (Rare/Female),1,0.00090%
17th Degree Claretina Pants (Rare/Male),1,0.00090%
17th Degree Orbis Leggings (Rare/Male),1,0.00090%
17th Degree Tonitrus Shoulders (Rare/Female),1,0.00090%
17th Degree Claretina Plate Armor Skirt (Rare/Male),1,0.00090%
17th Degree Orbis Tasset (Rare/Male),1,0.00090%
17th Degree Tonitrus Under Robe (Rare/Male),1,0.00090%
17th Degree Claretina Pants (Rare/Female),1,0.00090%
17th Degree Orbis Leggings (Rare/Female),1,0.00090%
17th Degree Tonitrus Shoulders (Rare/Female),1,0.00090%
17th Degree Claretina Plate Armor Skirt (Rare/Female),1,0.00090%
17th Degree Orbis Tasset (Rare/Female),1,0.00090%
17th Degree Tonitrus Under Robe (Rare/Female),1,0.00090%
17th Degree Claretina Ring (Rare/Male),1,0.00090%
17th Degree Orbis Ring (Rare/Male),1,0.00090%
17th Degree Tonitrus Ring (Rare/Male),1,0.00090%
17th Degree Claretina Necklace (Rare/Male),1,0.00090%
17th Degree Orbis Necklace (Rare/Male),1,0.00090%
17th Degree Tonitrus Earring (Rare/Male),1,0.00090%
17th Degree Claretina Ring (Rare/Female),1,0.00090%
17th Degree Orbis Ring (Rare/Female),1,0.00090%
17th Degree Tonitrus Ring (Rare/Female),1,0.00090%
17th Degree Claretina Necklace (Rare/Female),1,0.00090%
17th Degree Orbis Necklace (Rare/Female),1,0.00090%
17th Degree Tonitrus Earring (Rare/Female),1,0.00090%
17th Degree Tonitrus Earring (Rare/Female),1,0.00090%
17th Degree Claretina Bracelet (Rare/Male),1,0.00090%
17th Degree Orbis Ring (Rare/Male),1,0.00090%
17th Degree Tonitrus Decoration (Rare/Male),1,0.00090%
17th Degree Claretina Grip (Rare/Male),1,0.00090%
17th Degree Orbis Boots (Rare/Male),1,0.00090%
17th Degree Tonitrus Armor (Rare/Male),1,0.00090%
17th Degree Claretina Bracelet (Rare/Female),1,0.00090%
17th Degree Orbis Ring (Rare/Female),1,0.00090%
17th Degree Tonitrus Decoration (Rare/Female),1,0.00090%
17th Degree Claretina Grip (Rare/Female),1,0.00090%
17th Degree Orbis Boots (Rare/Female),1,0.00090%
17th Degree Tonitrus Armor (Rare/Female),1,0.00090%
17th Degree Claretina Hat (Magic/Male),1,0.00300%
17th Degree Orbis Two-Hand (Magic/Male),1,0.00300%
17th Degree Tonitrus Cap (Magic/Male),1,0.00300%
17th Degree Claretina Outfit (Magic/Male),1,0.00300%
17th Degree Orbis Robe (Magic/Male),1,0.00300%
17th Degree Tonitrus Magic Shield (Magic/Male),1,0.00300%
17th Degree Claretina Hat (Magic/Female),1,0.00300%
17th Degree Orbis Two-Hand (Magic/Female),1,0.00300%
17th Degree Tonitrus Cap (Magic/Female),1,0.00300%
17th Degree Claretina Outfit (Magic/Female),1,0.00300%
17th Degree Orbis Robe (Magic/Female),1,0.00300%
17th Degree Tonitrus Magic Shield (Magic/Female),1,0.00300%
17th Degree Claretina Pants (Magic/Male),1,0.00300%
17th Degree Orbis Leggings (Magic/Male),1,0.00300%
17th Degree Tonitrus Shoulders (Magic/Male),1,0.00300%
17th Degree Claretina Gloves (Magic/Male),1,0.00300%
17th Degree Orbis Gloves (Magic/Male),1,0.00300%
17th Degree Tonitrus Boots (Magic/Male),1,0.00300%
17th Degree Claretina Pants (Magic/Female),1,0.00300%
17th Degree Orbis Leggings (Magic/Female),1,0.00300%
17th Degree Tonitrus Shoulders (Magic/Female),1,0.00300%
17th Degree Claretina Gloves (Magic/Female),1,0.00300%
17th Degree Orbis Gloves (Magic/Female),1,0.00300%
17th Degree Tonitrus Boots (Magic/Female),1,0.00300%
17th Degree Claretina Upper Garment (Magic/Male),1,0.00300%
17th Degree Orbis Upper Garment (Magic/Male),1,0.00300%
17th Degree Tonitrus Upper Garment (Magic/Male),1,0.00300%
17th Degree Claretina Plate Armor (Magic/Male),1,0.00300%
17th Degree Orbis Mail (Magic/Male),1,0.00300%
17th Degree Tonitrus Robe (Magic/Male),1,0.00300%
17th Degree Claretina Upper Garment (Magic/Female),1,0.00300%
17th Degree Orbis Upper Garment (Magic/Female),1,0.00300%
17th Degree Tonitrus Upper Garment (Magic/Female),1,0.00300%
17th Degree Claretina Plate Armor (Magic/Female),1,0.00300%
17th Degree Orbis Mail (Magic/Female),1,0.00300%
17th Degree Tonitrus Robe (Magic/Female),1,0.00300%
17th Degree Claretina Pants (Magic/Male),1,0.00300%
17th Degree Orbis Leggings (Magic/Male),1,0.00300%
17th Degree Tonitrus Shoulders (Magic/Male),1,0.00300%
17th Degree Claretina Plate Armor Skirt (Magic/Male),1,0.00300%
17th Degree Orbis Tasset (Magic/Male),1,0.00300%
17th Degree Tonitrus Under Robe (Magic/Male),1,0.00300%
17th Degree Claretina Pants (Magic/Female),1,0.00300%
17th Degree Orbis Leggings (Magic/Female),1,0.00300%
17th Degree Tonitrus Shoulders (Magic/Female),1,0.00300%
17th Degree Claretina Plate Armor Skirt (Magic/Female),1,0.00300%
17th Degree Orbis Tasset (Magic/Female),1,0.00300%
17th Degree Tonitrus Under Robe (Magic/Female),1,0.00300%
17th Degree Claretina Ring (Magic/Male),1,0.00300%
17th Degree Orbis Ring (Magic/Male),1,0.00300%
17th Degree Tonitrus Ring (Magic/Male),1,0.00300%
17th Degree Claretina Necklace (Magic/Male),1,0.00300%
17th Degree Orbis Necklace (Magic/Male),1,0.00300%
17th Degree Tonitrus Earring (Magic/Male),1,0.00300%
17th Degree Claretina Ring (Magic/Female),1,0.00300%
17th Degree Orbis Ring (Magic/Female),1,0.00300%
17th Degree Tonitrus Ring (Magic/Female),1,0.00300%
17th Degree Claretina Bracelet (Magic/Female),1,0.00300%
17th Degree Orbis Ring (Magic/Female),1,0.00300%
17th Degree Tonitrus Earring (Magic/Female),1,0.00300%
17th Degree Claretina Hat (Magic/Male),1,0.00300%
17th Degree Orbis Two-Hand (Magic/Male),1,0.00300%
17th Degree Tonitrus Cap (Magic/Male),1,0.00300%
17th Degree Claretina Outfit (Magic/Male),1,0.00300%
17th Degree Orbis Robe (Magic/Male),1,0.00300%
17th Degree Tonitrus Magic Shield (Magic/Male),1,0.00300%
17th Degree Claretina Grip (Magic/Male),1,0.00300%
17th Degree Orbis Boots (Magic/Male),1,0.00300%
17th Degree Tonitrus Armor (Magic/Male),1,0.00300%
17th Degree Claretina Hat (Magic/Female),1,0.00300%
17th Degree Orbis Two-Hand (Magic/Female),1,0.00300%
17th Degree Tonitrus Cap (Magic/Female),1,0.00300%
17th Degree Claretina Outfit (Magic/Female),1,0.00300%
17th Degree Orbis Robe (Magic/Female),1,0.00300%
17th Degree Tonitrus Magic Shield (Magic/Female),1,0.00300%
17th Degree Tonitrus Armor (Magic/Female),1,0.00300%
17th Degree Golden Lion Ring (Legend),1,0.00270%
17th Degree Holy Lord Ring (Legend),1,0.00270%
17th Degree Golden Lion Earring (Legend),1,0.00270%
17th Degree Holy Lord Earring (Legend),1,0.00270%
17th Degree Golden Lion Necklace (Legend),1,0.00270%
17th Degree Holy Lord Necklace (Legend),1,0.00270%
17th Degree Golden Lion Ring (Rare),1,0.00810%
17th Degree Holy Lord Ring (Rare),1,0.00810%
17th Degree Golden Lion Earring (Rare),1,0.00810%
17th Degree Holy Lord Earring (Rare),1,0.00810%
17th Degree Golden Lion Necklace (Rare),1,0.00810%
17th Degree Holy Lord Necklace (Rare),1,0.00810%
17th Degree Golden Lion Ring (Magic),1,0.02700%
17th Degree Holy Lord Ring (Magic),1,0.02700%
17th Degree Golden Lion Earring (Magic),1,0.02700%
17th Degree Holy Lord Earring (Magic),1,0.02700%
17th Degree Golden Lion Necklace (Magic),1,0.02700%
17th Degree Holy Lord Necklace (Magic),1,0.02700%
16th White Tiger Thunder Blade (Legend),1,0.00090%
16th White Tiger Slashing Sword (Legend),1,0.00090%
16th Golden Tiger Bow (Legend),1,0.00090%
16th Thunder Heaven Tiger Katana (Legend),1,0.00090%
16th Black Tiger Divine Bow (Legend),1,0.00090%
16th Tiger Hackerd (Legend),1,0.00090%
16th Dark Rupia (Legend),1,0.00090%
16th Phaecus Amid (Legend),1,0.00090%
16th Atros Timpus (Legend),1,0.00090%
16th Tiger Bash (Legend),1,0.00090%
16th Tiger Anima (Legend),1,0.00090%
16th Tiger Dementer (Legend),1,0.00090%
16th Rifles Leon (Legend),1,0.00090%
16th Lionheart (Legend),1,0.00090%
16th Golden Lion Shield (Legend),1,0.00090%
16th Phaecus Guardian (Legend),1,0.00090%
16th White Tiger Thunder Blade (Rare),1,0.00270%
16th White Tiger Slashing Sword (Rare),1,0.00270%
16th Golden Tiger Bow (Rare),1,0.00270%
16th Thunder Heaven Tiger Katana (Rare),1,0.00270%
16th Black Tiger Divine Bow (Rare),1,0.00270%
16th Tiger Hackerd (Rare),1,0.00270%
16th Dark Rupia (Rare),1,0.00270%
16th Phaecus Amid (Rare),1,0.00270%
16th Atros Timpus (Rare),1,0.00270%
16th Tiger Bash (Rare),1,0.00270%
16th Tiger Anima (Rare),1,0.00270%
16th Tiger Dementer (Rare),1,0.00270%
16th Rifles Leon (Rare),1,0.00270%
16th Lionheart (Rare),1,0.00270%
16th Golden Lion Shield (Rare),1,0.00270%
16th Phaecus Guardian (Rare),1,0.00270%
16th White Tiger Thunder Blade (Magic),1,0.00900%
16th White Tiger Slashing Sword (Magic),1,0.00900%
16th Golden Tiger Bow (Magic),1,0.00900%
16th Thunder Heaven Tiger Katana (Magic),1,0.00900%
16th Black Tiger Divine Bow (Magic),1,0.00900%
16th Tiger Hackerd (Magic),1,0.00900%
16th Dark Rupia (Magic),1,0.00900%
16th Phaecus Amid (Magic),1,0.00900%
16th Atros Timpus (Magic),1,0.00900%
16th Tiger Bash (Magic),1,0.00900%
16th Tiger Anima (Magic),1,0.00900%
16th Tiger Dementer (Magic),1,0.00900%
16th Rifles Leon (Magic),1,0.00900%
16th Lionheart (Magic),1,0.00900%
16th Golden Lion Shield (Magic),1,0.00900%
16th Phaecus Guardian (Magic),1,0.00900%
"16th Orolla Tuno (Legend, Male)",1,0.00090%
"16th Veritas Two-handed Mace (Legend, M)",1,0.00090%
"16th Veritas Helmet (Legend, Male)",1,0.00090%
"16th Orolla Armor (Legend, Male)",1,0.00090%
"16th Veritas Robe (Legend, Male)",1,0.00090%
"16th Veritas Magic Gloves (Legend, Male)",1,0.00090%
"16th Orolla Tuno (Legend, Female)",1,0.00090%
"16th Veritas Two-handed Mace (Legend, F)",1,0.00090%
"16th Veritas Helmet (Legend, Female)",1,0.00090%
"16th Orolla Armor (Legend, Female)",1,0.00090%
"16th Veritas Robe (Legend, Female)",1,0.00090%
"16th Veritas Magic Gloves (Legend, Female)",1,0.00090%
"16th Orolla Leggings (Legend, Male)",1,0.00090%
"16th Veritas Shoes (Legend, Male)",1,0.00090%
"16th Veritas Leggings (Legend, Male)",1,0.00090%
"16th Orolla Boots (Legend, Male)",1,0.00090%
"16th Veritas Pauldrons (Legend, Male)",1,0.00090%
"16th Veritas Helmet (Legend, Male)",1,0.00090%
"16th Veritas Armor (Legend, Male)",1,0.00090%
"16th Orolla Leggings (Legend, Female)",1,0.00090%
"16th Veritas Shoes (Legend, Female)",1,0.00090%
"16th Veritas Leggings (Legend, Female)",1,0.00090%
"16th Orolla Boots (Legend, Female)",1,0.00090%
"16th Veritas Pauldrons (Legend, Female)",1,0.00090%
"16th Veritas Circlet (Legend, Female)",1,0.00090%
"16th Veritas Gloves (Legend, Female)",1,0.00090%
"16th Orolla Pauldrons (Legend, Male)",1,0.00090%
"16th Veritas Pauldrons (Legend, Male)",1,0.00090%
"16th Veritas Shoulders (Legend, Male)",1,0.00090%
"16th Orolla Plate Armor (Legend, Female)",1,0.00090%
"16th Orolla Mail (Legend, Female)",1,0.00090%
"16th Veritas Robe (Legend, Female)",1,0.00090%
"16th Orolla Pauldrons (Legend, Female)",1,0.00090%
"16th Veritas Pauldrons (Legend, Female)",1,0.00090%
"16th Veritas Shoulders (Legend, Female)",1,0.00090%
"16th Orolla Plate Armor (Legend, Female)",1,0.00090%
"16th Orolla Mail (Legend, Female)",1,0.00090%
"16th Veritas Robe (Legend, Female)",1,0.00090%
"16th Orolla Leggings (Legend, Male)",1,0.00090%
"16th Veritas Greaves (Legend, Male)",1,0.00090%
"16th Veritas Shoes (Legend, Male)",1,0.00090%
"16th Orolla Plate Skirt (Legend, Male)",1,0.00090%
"16th Veritas Tasset (Legend, Male)",1,0.00090%
"16th Veritas Under Robe (Legend, Male)",1,0.00090%
"16th Orolla Leggings (Legend, Female)",1,0.00090%
"16th Veritas Greaves (Legend, Female)",1,0.00090%
"16th Veritas Shoes (Legend, Female)",1,0.00090%
"16th Orolla Plate Skirt (Legend, Female)",1,0.00090%
"16th Veritas Tasset (Legend, Female)",1,0.00090%
"16th Veritas Under Robe (Legend, Female)",1,0.00090%
"16th Orolla Pauldrons (Legend, Male)",1,0.00090%
"16th Veritas Pauldrons (Legend, Male)",1,0.00090%
"16th Veritas Armor (Legend, Male)",1,0.00090%
"16th Orolla Breastplate (Legend, Male)",1,0.00090%
"16th Veritas Gloves (Legend, Male)",1,0.00090%
"16th Veritas Shoes (Legend, Male)",1,0.00090%
"16th Orolla Armor (Legend, Female)",1,0.00090%
"16th Veritas Armor (Legend, Female)",1,0.00090%
"16th Veritas Armor (Legend, Female)",1,0.00090%
"16th Orolla Breastplate (Legend, Female)",1,0.00090%
"16th Veritas Gloves (Legend, Female)",1,0.00090%
"16th Veritas Shoes (Legend, Female)",1,0.00090%
"16th Orolla Shoulder Pads (Legend, Male)",1,0.00090%
"16th Veritas Shoulder Pads (Legend, Male)",1,0.00090%
"16th Veritas Pants (Legend, Male)",1,0.00090%
"16th Orolla Hood (Legend, Male)",1,0.00090%
"16th Veritas Boots (Legend, Male)",1,0.00090%
"16th Veritas Robe (Legend, Male)",1,0.00090%
"16th Orolla Strength (Legend, Female)",1,0.00090%
"16th Veritas Pants (Legend, Female)",1,0.00090%
"16th Veritas Chestplate (Legend, Male)",1,0.00090%
"16th Orolla Hood (Legend, Female)",1,0.00090%
"16th Veritas Gloves (Legend, Female)",1,0.00090%
"16th Veritas Robe (Legend, Female)",1,0.00090%
"16th Orolla Helm (Rare, Male)",1,0.00270%
"16th Veritas Shoulders (Rare, Female)",1,0.00270%
"16th Veritas Helm (Rare, Female)",1,0.00270%
"16th Orolla Hood (Rare, Male)",1,0.00270%
"16th Veritas Hat (Rare, Female)",1,0.00270%
"16th Veritas Magic Robe Top (Rare, Female)",1,0.00270%
"16th Orolla Helm (Rare, Female)",1,0.00270%
"16th Veritas Shoulders (Rare, Female)",1,0.00270%
"16th Veritas Hat (Rare, Female)",1,0.00270%
"16th Orolla Hood (Rare, Female)",1,0.00270%
"16th Veritas Morion (Rare, Female)",1,0.00270%
"16th Veritas Magic Robe Top (Rare, Female)",1,0.00270%
"16th Orolla Chestplate (Rare, Male)",1,0.00270%
"16th Veritas Pants (Rare, Male)",1,0.00270%
"16th Veritas Chestplate (Rare, Male)",1,0.00270%
"16th Orolla Pauldrons (Rare, Female)",1,0.00270%
"16th Veritas Gloves (Rare, Female)",1,0.00270%
"16th Veritas Hood (Rare, Female)",1,0.00270%
"16th Orolla Chestplate (Rare, Female)",1,0.00270%
"16th Veritas Shoulders (Rare, Female)",1,0.00270%
"16th Veritas Pants (Rare, Female)",1,0.00270%
"16th Orolla Pauldrons (Rare, Female)",1,0.00270%
"16th Veritas Gloves (Rare, Female)",1,0.00270%
"16th Veritas Hood (Rare, Female)",1,0.00270%
"16th Orolla Upper Garment (Rare, Male)",1,0.00270%
"16th Veritas Shoulder Pads (Rare, Male)",1,0.00270%
"16th Veritas Top (Rare, Male)",1,0.00270%
"16th Orolla Plate Armor Bottom (Rare, Male)",1,0.00270%
"16th Veritas Mail (Rare, Male)",1,0.00270%
"16th Veritas Robe (Rare, Male)",1,0.00270%
"16th Orolla Upper Garment (Rare, Female)",1,0.00270%
"16th Veritas Shoulder Pads (Rare, Female)",1,0.00270%
"16th Veritas Top (Rare, Female)",1,0.00270%
"16th Orolla Plate Armor Bottom (Rare, Female)",1,0.00270%
"16th Veritas Mail (Rare, Female)",1,0.00270%
"16th Veritas Robe (Rare, Female)",1,0.00270%
"16th Orolla Lower Garment (Rare, Male)",1,0.00270%
"16th Veritas Pauldrons (Rare, Male)",1,0.00270%
"16th Veritas Hood (Rare, Male)",1,0.00270%
"16th Orolla Plate Armor Top (Rare, Male)",1,0.00270%
"16th Veritas Undergarment Robe (Rare, Male)",1,0.00270%
"16th Orolla Lower Garment (Rare, Female)",1,0.00270%
"16th Veritas Pauldrons (Rare, Female)",1,0.00270%
"16th Veritas Hood (Rare, Female)",1,0.00270%
"16th Orolla Plate Armor Top (Rare, Female)",1,0.00270%
"16th Veritas Tasset (Rare, Female)",1,0.00270%
"16th Veritas Undergarment Robe (Rare, Female)",1,0.00270%
"16th Orolla Shoulder (Rare, Male)",1,0.00270%
"16th Veritas Gloves (Rare, Male)",1,0.00270%
"16th Veritas Gloves (Rare, Male)",1,0.00270%
"16th Orolla Gauntlet (Rare, Male)",1,0.00270%
"16th Veritas Circlet (Rare, Female)",1,0.00270%
"16th Veritas Shoes (Rare, Female)",1,0.00270%
"16th Orolla Shoulder (Rare, Female)",1,0.00270%
"16th Veritas Gloves (Rare, Female)",1,0.00270%
"16th Veritas Gloves (Rare, Female)",1,0.00270%
"16th Orolla Gauntlet (Rare, Female)",1,0.00270%
"16th Veritas Boots (Rare, Male)",1,0.00270%
"16th Veritas Pants (Rare, Male)",1,0.00270%
"16th Orolla Greeves (Rare, Male)",1,0.00270%
"16th Veritas Shoes (Rare, Male)",1,0.00270%
"16th Veritas Upper Garment (Rare, Male)",1,0.00270%
"16th Orolla Gauntlet (Rare, Female)",1,0.00270%
"16th Veritas Boots (Rare, Female)",1,0.00270%
"16th Veritas Pants (Rare, Female)",1,0.00270%
"16th Orolla Greeves (Rare, Female)",1,0.00270%
"16th Veritas Shoes (Rare, Female)",1,0.00270%
"16th Veritas Upper Garment (Rare, Female)",1,0.00270%
"16th Orolla Helm (Magic, Male)",1,0.00900%
"16th Veritas Shoulder (Magic, Male)",1,0.00900%
"16th Veritas Helmet (Magic, Male)",1,0.00900%
"16th Orolla Circlet (Magic, Male)",1,0.00900%
"16th Veritas Morion (Magic, Male)",1,0.00900%
"16th Veritas Magic Hat (Magic, Male)",1,0.00900%
"16th Orolla Turban (Magic, Female)",1,0.00900%
"16th Veritas Pauldrons (Magic, Female)",1,0.00900%
"16th Veritas Cap (Magic, Female)",1,0.00900%
"16th Orolla Circlet (Magic, Female)",1,0.00900%
"16th Veritas Morion (Magic, Female)",1,0.00900%
"16th Veritas Magic Hat (Magic, Female)",1,0.00900%
"16th Orolla Armor (Magic, Male)",1,0.00900%
"16th Veritas Shoulder Pads (Magic, Male)",1,0.00900%
"16th Veritas Armor (Magic, Male)",1,0.00900%
"16th Orolla Pauldrons (Magic, Female)",1,0.00900%
"16th Veritas Armor Pads (Magic, Female)",1,0.00900%
"16th Veritas Shoulder Pads (Magic, Female)",1,0.00900%
"16th Veritas Shoulders (Magic, Female)",1,0.00900%
"16th Orolla Plate Armor (Magic, Female)",1,0.00900%
"16th Veritas Mail (Magic, Female)",1,0.00900%
"16th Veritas Robe (Magic, Female)",1,0.00900%
"16th Orolla Pants (Magic, Male)",1,0.00900%
"16th Veritas Boots (Magic, Male)",1,0.00900%
"16th Veritas Gloves (Magic, Male)",1,0.00900%
"16th Orolla Plate Pants (Magic, Male)",1,0.00900%
"16th Veritas Shoes (Magic, Male)",1,0.00900%
"16th Veritas Undergarment Robe (Magic, Male)",1,0.00900%
"16th Orolla Pants (Magic, Female)",1,0.00900%
"16th Veritas Boots (Magic, Female)",1,0.00900%
"16th Veritas Gloves (Magic, Female)",1,0.00900%
"16th Orolla Plate Chest (Magic, Female)",1,0.00900%
"16th Veritas Tasset (Magic, Female)",1,0.00900%
"16th Veritas Undergarment Robe (Magic, Female)",1,0.00900%
"16th Orolla Gloves (Magic, Male)",1,0.00900%
"16th Veritas Gloves (Magic, Male)",1,0.00900%
"16th Veritas Gloves (Magic, Female)",1,0.00900%
"16th Orolla Shoes (Magic, Male)",1,0.00900%
"16th Veritas Greaves (Magic, Male)",1,0.00900%
"16th Veritas Shoes (Magic, Female)",1,0.00900%
"16th Orolla Shoes (Magic, Female)",1,0.00900%
"16th Veritas Gloves (Magic, Female)",1,0.00900%
"16th Veritas Tasset (Magic, Female)",1,0.00900%
"16th Orolla Gloves (Magic, Female)",1,0.00900%
"16th Veritas Greaves (Magic, Female)",1,0.00900%
"16th Veritas Mitten (Magic, Female)",1,0.00900%
"16th Orolla Gauntlet (Magic, Male)",1,0.00900%
"16th Veritas Greaves (Magic, Male)",1,0.00900%
"16th Veritas Shoes (Magic, Male)",1,0.00900%
"16th Orolla Greaves (Magic, Male)",1,0.00900%
"16th Veritas Boots (Magic, Male)",1,0.00900%
"16th Veritas Upper Garment (Magic, Male)",1,0.00900%
"16th Orolla Gauntlet (Magic, Female)",1,0.00900%
"16th Veritas Greaves (Magic, Female)",1,0.00900%
"16th Veritas Shoes (Magic, Female)",1,0.00900%
"16th Orolla Greaves (Magic, Female)",1,0.00900%
"16th Veritas Boots (Magic, Female)",1,0.00900%
"16th Veritas Upper Garment (Magic, Female)",1,0.00900%
16th Brilliant Stone Ring (Legend),1,0.00810%
16th Dragon Lord Ring (Legend),1,0.00810%
16th Brilliant Stone Earring (Legend),1,0.00810%
16th Dragon Lord Earring (Legend),1,0.00810%
16th Brilliant Stone Necklace (Legend),1,0.00810%
16th Dragon Lord Necklace (Legend),1,0.00810%
16th Brilliant Stone Ring (Rare),1,0.02430%
16th Dragon Lord Ring (Rare),1,0.02430%
16th Brilliant Stone Earring (Rare),1,0.02430%
16th Dragon Lord Earring (Rare),1,0.02430%
16th Brilliant Stone Necklace (Rare),1,0.02430%
16th Dragon Lord Necklace (Rare),1,0.02430%
16th Brilliant Stone Ring (Magic),1,0.08100%
16th Dragon Lord Ring (Magic),1,0.08100%
16th Brilliant Stone Earring (Magic),1,0.08100%
16th Dragon Lord Earring (Magic),1,0.08100%
16th Brilliant Stone Necklace (Magic),1,0.08100%
16th Dragon Lord Necklace (Magic),1,0.08100%
"16th Veritas Himatyon (Magic, Male)",1,0.00900%
"16th Orolla Armor (Magic, Female)",1,0.00900%
"16th Veritas Pauldrons (Magic, Female)",1,0.00900%
"16th Veritas Armor (Magic, Female)",1,0.00900%
"16th Orolla Pauldrons (Magic, Female)",1,0.00900%
"16th Veritas Shoulder Pads (Magic, Female)",1,0.00900%
"16th Veritas Himatyon (Magic, Female)",1,0.00900%
"16th Orolla Pants (Magic, Male)",1,0.00900%
"16th Veritas Leggings (Magic, Male)",1,0.00900%
"16th Veritas Skirt (Magic, Male)",1,0.00900%
"16th Orolla Plate Armor (Magic, Male)",1,0.00900%
"16th Veritas Mail (Magic, Male)",1,0.00900%
"16th Veritas Robe (Magic, Male)",1,0.00900%
"16th Orolla Pants (Magic, Female)",1,0.00900%
15th White Tiger Fang Sword (Legend),1,0.00270%
15th White Tiger Sword (Legend),1,0.00270%
15th Tiger Claw (Legend),1,0.00270%
15th Heavenly Tiger Blade (Legend),1,0.00270%
15th Black Tiger Bow (Legend),1,0.00270%
15th Tiger Model (Legend),1,0.00270%
15th Dark Puria (Legend),1,0.00270%
15th Cerberus Regia (Legend),1,0.00270%
15th Artroth’s Blue (Legend),1,0.00270%
15th Tiger Bash (Legend),1,0.00270%
15th Beast Anima (Legend),1,0.00270%
15th Tiger Roar (Legend),1,0.00270%
15th Bioplasma Vesta (Legend),1,0.00270%
15th Precious Ring (Legend),1,0.00270%
15th Dragon Fang Shield (Legend),1,0.00270%
15th Beast Guardian (Legend),1,0.00270%
15th White Tiger Fang Sword (Rare),1,0.00810%
15th White Tiger Sword (Rare),1,0.00810%
15th Tiger Claw (Rare),1,0.00810%
15th Heavenly Tiger Blade (Rare),1,0.00810%
15th Black Tiger Bow (Rare),1,0.00810%
15th Tiger Model (Rare),1,0.00810%
15th Dark Puria (Rare),1,0.00810%
15th Cerberus Regia (Rare),1,0.00810%
15th Artroth’s Blue (Rare),1,0.00810%
15th Tiger Bash (Rare),1,0.00810%
15th Beast Anima (Rare),1,0.00810%
15th Tiger Roar (Rare),1,0.00810%
15th Bioplants Vesta (Rare),1,0.00810%
15th Precious Ring (Rare),1,0.00810%
15th Dragon Fang Shield (Rare),1,0.00810%
15th Beast Guardian (Rare),1,0.00810%
15th White Tiger Fang Sword (Magic),1,0.02700%
15th White Tiger Sword (Magic),1,0.02700%
15th Tiger Claw (Magic),1,0.02700%
15th Heavenly Tiger Blade (Magic),1,0.02700%
15th Black Tiger Bow (Magic),1,0.02700%
15th Tiger Model (Magic),1,0.02700%
15th Dark Puria (Magic),1,0.02700%
15th Cerberus Regia (Magic),1,0.02700%
15th Artroth’s Blue (Magic),1,0.02700%
15th Beast Bash (Magic),1,0.02700%
15th Beast Anima (Magic),1,0.02700%
15th Tiger Roar (Magic),1,0.02700%
15th Bioplants Vesta (Magic),1,0.02700%
15th Precious (Magic),1,0.02700%
15th Dragon Fang Shield (Magic),1,0.02700%
15th Beast Guardian (Magic),1,0.02700%
15th Ancient Tunic (Legend)(Male),1,0.00270%
15th Tigris Axe (Legend)(Male),1,0.00270%
15th Proteus Cap (Legend)(Male),1,0.00270%
15th Ancient Overcoat (Legend)(Male),1,0.00270%
15th Tigris Morian (Legend)(Male),1,0.00270%
15th Proteus Magic Robe (Legend)(Male),1,0.00270%
15th Ancient Tunic (Legend)(Female),1,0.00270%
15th Tigris Mace (Legend)(Female),1,0.00270%
15th Proteus Cap (Legend)(Female),1,0.00270%
15th Ancient Overcoat (Legend)(Female),1,0.00270%
15th Tigris Morian (Legend)(Female),1,0.00270%
15th Proteus Magic Robe (Legend)(Female),1,0.00270%
15th Ancient Trousers (Legend)(Male),1,0.00270%
15th Tigris Pants (Legend)(Male),1,0.00270%
15th Proteus Armor (Legend)(Male),1,0.00270%
15th Ancient Pauldrons (Legend)(Male),1,0.00270%
15th Tigris Shoulder (Legend)(Male),1,0.00270%
15th Proteus Himatine (Legend)(Male),1,0.00270%
15th Ancient Trousers (Legend)(Female),1,0.00270%
15th Tigris Pants (Legend)(Female),1,0.00270%
15th Proteus Armor (Legend)(Female),1,0.00270%
15th Ancient Pauldrons (Legend)(Female),1,0.00270%
15th Tigris Shoulders (Legend)(Female),1,0.00270%
15th Proteus Himatine (Legend)(Female),1,0.00270%
15th Ancient Boots (Legend)(Male),1,0.00270%
15th Tigris Gloves (Legend)(Male),1,0.00270%
15th Proteus Belt (Legend)(Male),1,0.00270%
15th Ancient Plate Armor (Legend)(Male),1,0.00270%
15th Tigris Mail (Legend)(Male),1,0.00270%
15th Proteus Robe (Legend)(Male),1,0.00270%
15th Ancient Boots (Legend)(Female),1,0.00270%
15th Tigris Gloves (Legend)(Female),1,0.00270%
15th Proteus Belt (Legend)(Female),1,0.00270%
15th Ancient Plate Armor (Legend)(Female),1,0.00270%
15th Tigris Mail (Legend)(Female),1,0.00270%
15th Proteus Robe (Legend)(Female),1,0.00270%
15th Ancient Greaves (Legend)(Male),1,0.00270%
15th Tigris Boots (Legend)(Male),1,0.00270%
15th Proteus Shoes (Legend)(Male),1,0.00270%
15th Ancient Plate Pauldrons (Legend)(Male),1,0.00270%
15th Tigris Tassets (Legend)(Male),1,0.00270%
15th Proteus Under Robe (Legend)(Male),1,0.00270%
15th Ancient Greaves (Legend)(Female),1,0.00270%
15th Tigris Boots (Legend)(Female),1,0.00270%
15th Proteus Shoes (Legend)(Female),1,0.00270%
15th Ancient Plate Pauldrons (Legend)(Female),1,0.00270%
15th Tigris Tassets (Legend)(Female),1,0.00270%
15th Proteus Under Robe (Legend)(Female),1,0.00270%
15th Ancient Helmet (Legend)(Male),1,0.00270%
15th Tigris Greaves (Legend)(Male),1,0.00270%
15th Proteus Greaves (Legend)(Male),1,0.00270%
15th Ancient Leggings (Legend)(Male),1,0.00270%
15th Tigris Gloves (Legend)(Male),1,0.00270%
15th Proteus Mittens (Legend)(Male),1,0.00270%
15th Ancient Greaves (Legend)(Female),1,0.00270%
15th Tigris Greaves (Legend)(Female),1,0.00270%
15th Proteus Greaves (Legend)(Female),1,0.00270%
15th Ancient Leggings (Legend)(Female),1,0.00270%
15th Tigris Gloves (Legend)(Female),1,0.00270%
15th Proteus Mittens (Legend)(Female),1,0.00270%
15th Ancient Gloves (Legend)(Male),1,0.00270%
15th Tigris Boots (Legend)(Female),1,0.00270%
15th Proteus Boots (Legend)(Male),1,0.00270%
15th Ancient Greaves (Legend)(Male),1,0.00270%
15th Tigris Boots (Legend)(Male),1,0.00270%
15th Proteus Shoes (Legend)(Male),1,0.00270%
15th Ancient Gloves (Legend)(Female),1,0.00270%
15th Tigris Boots (Legend)(Female),1,0.00270%
15th Proteus Shoes (Legend)(Female),1,0.00270%
15th Ancient Greaves (Legend)(Female),1,0.00270%
15th Ancient Helm (Rare)(Male),1,0.00810%
15th Tigris Helmet (Rare)(Female),1,0.00810%
15th Proteus Helmet (Rare)(Male),1,0.00810%
15th Ancient Cap (Rare)(Female),1,0.00810%
15th Tigris Circlet (Rare)(Female),1,0.00810%
15th Proteus Magic Suit (Rare)(Male),1,0.00810%
15th Ancient Cap (Rare)(Female),1,0.00810%
15th Tigris Circlet (Rare)(Female),1,0.00810%
15th Proteus Hat (Rare)(Female),1,0.00810%
15th Ancient Chest (Rare)(Female),1,0.00810%
15th Tigris Robe (Rare)(Female),1,0.00810%
15th Proteus Magic Suit (Rare)(Female),1,0.00810%
15th Ancient Chest (Rare)(Male),1,0.00810%
15th Tigris Robe (Rare)(Male),1,0.00810%
15th Proteus Robe (Rare)(Male),1,0.00810%
15th Ancient Shoulders (Rare)(Male),1,0.00810%
15th Tigris Shoulders (Rare)(Male),1,0.00810%
15th Proteus Shoulders (Rare)(Male),1,0.00810%
15th Ancient Shoulders (Rare)(Female),1,0.00810%
15th Tigris Gauntlet (Rare)(Female),1,0.00810%
15th Proteus Shoulders (Rare)(Female),1,0.00810%
15th Ancient Tasset (Rare)(Female),1,0.00810%
15th Tigris Boots (Rare)(Female),1,0.00810%
15th Proteus Boots (Rare)(Female),1,0.00810%
15th Ancient Helmet (Rare)(Male),1,0.00810%
15th Tigris Helmet (Rare)(Male),1,0.00810%
15th Proteus Helmet (Rare)(Male),1,0.00810%
15th Ancient Chest (Rare)(Female),1,0.00810%
15th Tigris Chest (Rare)(Female),1,0.00810%
15th Proteus Chest (Rare)(Female),1,0.00810%
15th Ancient Shoulder (Rare)(Female),1,0.00810%
15th Tigris Shoulder (Rare)(Female),1,0.00810%
15th Proteus Shoulder (Rare)(Female),1,0.00810%
15th Ancient Plate Armor (Rare)(Female),1,0.00810%
15th Tigris Mail (Rare)(Female),1,0.00810%
15th Proteus Robe (Rare)(Female),1,0.00810%
15th Ancient Tasset (Rare)(Male),1,0.00810%
15th Tigris Gauntlet (Rare)(Male),1,0.00810%
15th Proteus Gauntlet (Rare)(Male),1,0.00810%
15th Ancient Plate Skirt (Rare)(Female),1,0.00810%
15th Tigris Tasset (Rare)(Female),1,0.00810%
15th Proteus Under Robe (Rare)(Male),1,0.00810%
15th Ancient Tasset (Rare)(Female),1,0.00810%
15th Tigris Gauntlet (Rare)(Female),1,0.00810%
15th Proteus Gauntlet (Rare)(Female),1,0.00810%
15th Ancient Plate Skirt (Rare)(Female),1,0.00810%
15th Tigris Tasset (Rare)(Female),1,0.00810%
15th Proteus Under Robe (Rare)(Female),1,0.00810%
15th Ancient Greaves (Rare)(Male),1,0.00810%
15th Tigris Greaves (Rare)(Male),1,0.00810%
15th Proteus Greaves (Rare)(Male),1,0.00810%
15th Ancient Greaves (Rare)(Female),1,0.00810%
15th Tigris Greaves (Rare)(Female),1,0.00810%
15th Proteus Greaves (Rare)(Female),1,0.00810%
15th Ancient Sabaton (Rare)(Male),1,0.00810%
15th Tigris Sabaton (Rare)(Female),1,0.00810%
15th Proteus Sabaton (Rare)(Female),1,0.00810%
15th Ancient Shield (Rare)(Male),1,0.00810%
15th Tigris Boots (Rare)(Male),1,0.00810%
15th Proteus Shoes (Rare)(Male),1,0.00810%
15th Ancient Greaves (Rare)(Male),1,0.00810%
15th Tigris Sabaton (Rare)(Male),1,0.00810%
15th Proteus Sabaton (Rare)(Male),1,0.00810%
15th Ancient Shield (Rare)(Female),1,0.00810%
15th Tigris Boots (Rare)(Female),1,0.00810%
15th Proteus Shoes (Rare)(Female),1,0.00810%
15th Ancient Greaves (Rare)(Female),1,0.00810%
15th Tigris Greaves (Rare)(Female),1,0.00810%
15th Proteus Greaves (Rare)(Female),1,0.00810%
15th Ancient Throwing Knife (Magic)(Male),1,0.02700%
15th Tigris Shield (Magic)(Male),1,0.02700%
15th Proteus Hat (Magic)(Male),1,0.02700%
15th Ancient Helmet (Magic)(Male),1,0.02700%
15th Tigris Morion (Magic)(Male),1,0.02700%
15th Proteus Circlet (Magic)(Male),1,0.02700%
15th Ancient Throwing Knife (Magic)(Female),1,0.02700%
15th Tigris Shield (Magic)(Female),1,0.02700%
15th Proteus Hat (Magic)(Female),1,0.02700%
15th Ancient Helmet (Magic)(Female),1,0.02700%
15th Tigris Morion (Magic)(Female),1,0.02700%
15th Proteus Circlet (Magic)(Female),1,0.02700%
15th Ancient Chestplate (Magic)(Male),1,0.02700%
15th Tigris Breastplate (Magic)(Male),1,0.02700%
15th Proteus Mail (Magic)(Male),1,0.02700%
15th Ancient Plated Tasset (Magic)(Male),1,0.02700%
15th Tigris Helmet (Magic)(Male),1,0.02700%
15th Proteus Himation (Magic)(Male),1,0.02700%
15th Ancient Chestplate (Magic)(Female),1,0.02700%
15th Tigris Shield (Magic)(Female),1,0.02700%
15th Proteus Breastplate (Magic)(Female),1,0.02700%
15th Ancient Plated Tasset (Magic)(Female),1,0.02700%
15th Tigris Helmet (Magic)(Female),1,0.02700%
15th Proteus Himation (Magic)(Female),1,0.02700%
15th Ancient Gloves (Magic)(Male),1,0.02700%
15th Tigris Gauntlets (Magic)(Male),1,0.02700%
15th Proteus Gloves (Magic)(Male),1,0.02700%
15th Ancient Plated Boots (Magic)(Male),1,0.02700%
15th Tigris Boots (Magic)(Male),1,0.02700%
15th Proteus Shoes (Magic)(Male),1,0.02700%
15th Ancient Chest (Magic)(Female),1,0.02700%
15th Tigris Pauldrons (Magic)(Female),1,0.02700%
15th Proteus Upper Garment (Magic)(Female),1,0.02700%
15th Ancient Plate Armor (Magic)(Female),1,0.02700%
15th Tigris Mail (Magic)(Female),1,0.02700%
15th Proteus Robe (Magic)(Female),1,0.02700%
15th Ancient Greaves (Magic)(Male),1,0.02700%
15th Tigris Tasset (Magic)(Male),1,0.02700%
15th Proteus Bottom (Magic)(Male),1,0.02700%
15th Ancient Plate Skirt (Magic)(Female),1,0.02700%
15th Tigris Boots (Magic)(Male),1,0.02700%
15th Proteus Undergarment (Magic)(Male),1,0.02700%
15th Ancient Greaves (Magic)(Female),1,0.02700%
15th Tigris Tasset (Magic)(Female),1,0.02700%
15th Proteus Lower Garment (Magic)(Female),1,0.02700%
15th Ancient Plate Gloves (Magic)(Female),1,0.02700%
15th Tigris Gloves (Magic)(Female),1,0.02700%
15th Proteus Undergarment Gloves (Magic)(Female),1,0.02700%
15th Ancient Gloves (Magic)(Male),1,0.02700%
15th Tigris Gloves (Magic)(Male),1,0.02700%
15th Proteus Gloves (Magic)(Male),1,0.02700%
15th Ancient Chestplate (Magic)(Male),1,0.02700%
15th Tigris Upper Garment (Magic)(Male),1,0.02700%
15th Proteus Upper Robe (Magic)(Male),1,0.02700%
15th Ancient Gloves (Magic)(Female),1,0.02700%
15th Tigris Greaves (Magic)(Female),1,0.02700%
15th Proteus Boots (Magic)(Female),1,0.02700%
15th Ancient Reinforced (Magic)(Male),1,0.02700%
15th Tigris Boots (Magic)(Male),1,0.02700%
15th Proteus Shoes (Magic)(Male),1,0.02700%
15th Ancient Greaves (Magic)(Male),1,0.02700%
15th Tigris Pauldrons (Magic)(Male),1,0.02700%
15th Proteus Shoulders (Magic)(Male),1,0.02700%
15th Ancient Reinforced (Magic)(Female),1,0.02700%
15th Tigris Pauldrons (Magic)(Female),1,0.02700%
15th Proteus Shoulders (Magic)(Female),1,0.02700%
15th Gemstone Ring (Legend),1,0.02430%
15th White Lord Ring (Legend),1,0.02430%
15th Gemstone Earring (Legend),1,0.02430%
15th White Lord Earring (Legend),1,0.02430%
15th Gemstone Necklace (Legend),1,0.02430%
15th White Lord Necklace (Legend),1,0.02430%
15th White Lord Ring (Rare),1,0.07290%
15th White Lord Earring (Rare),1,0.07290%
15th White Lord Necklace (Rare),1,0.07290%
15th Gemstone Ring (Magic),1,0.24300%
15th White Lord Ring (Magic),1,0.24300%
15th Gemstone Earring (Magic),1,0.24300%
15th White Lord Earring (Magic),1,0.24300%
15th Gemstone Necklace (Magic),1,0.24300%
15th White Lord Necklace (Magic),1,0.24300%
17th Enhancer (Weapon),2,1.10000%
17th Enhancer (Shield),2,1.10000%
17th Enhancer (Accessory),2,1.10000%
17th Enhancer (Armor),2,1.10000%
16th Enhancer (Weapon),2,1.70000%
16th Enhancer (Shield),2,1.70000%
16th Enhancer (Accessory),2,1.70000%
16th Enhancer (Armor),2,1.70000%
15th Enhancer (Weapon),2,2.00000%
15th Enhancer (Shield),2,2.00000%
15th Enhancer (Accessory),2,2.00000%
15th Enhancer (Armor),2,2.00000%
Element of Destruction,1,0.50000%
Element of Destruction,2,1.00000%
Element of Destruction,2,2.00000%
Element of Destruction,2,4.00000%
Element of Destruction,3,7.03680%
Element of Destruction,3,4.00000%
Element of Destruction,4,3.50000%
Element of Destruction,4,2.00000%
Element of Destruction,10,0.50000%
Element of Destruction,50,0.01000%
Secret Key,1,0.50000%
Secret Key,2,5.00000%
Secret Key,3,5.40000%
Secret Key,4,4.00000%
Secret Key,5,3.00000%
Secret Key,6,2.00000%
Secret Key,7,2.00000%
Secret Key,8,1.00000%
Secret Key,9,0.50000%
Secret Key,10,0.10000%
Return Scroll,2,5.00000%
EXP Booster (100%),2,5.00000%
Skill EXP Booster (100%),2,5.00000%
20% Damage Increase Scroll,2,5.00000%
20% Damage Absorption Scroll,2,5.00000%